csv,primary_key,2016_11_24,2016_12_04
ballot_measures_2016.csv,Alaska__Overall 2016 Alaska Ballot Measures Election Results__Voter Registeration through PFD Application,99.8,99.5
ballot_measures_2016.csv,Alaska__State Ballot Measures__Allow Student Loan Bonds,99.8,99.5
ballot_measures_2016.csv,Alaska__State Ballot Measures__Voter Registeration through PFD Application,99.8,99.5
ballot_measures_2016.csv,Utah__Overall 2016 Utah Ballot Measures Election Results__Changes to State School Fund,76.2,85.7
ballot_measures_2016.csv,Utah__State Ballot Measures__Changes to State School Fund,76.6,86.2
ballot_measures_2016.csv,Utah__State Ballot Measures__Oath of Office Word Change,76.6,86.2
ballot_measures_2016.csv,Utah__State Ballot Measures__State Gov Prop Tax Exemption,76.6,86.2
ballot_measures_2016.csv,Washington__Overall 2016 Washington Ballot Measures Election Results__Firearms Access,81.4,91.6
ballot_measures_2016.csv,Washington__Overall 2016 Washington Ballot Measures Election Results__Increase Minimum Wage,81.4,91.6
ballot_measures_2016.csv,Washington__State Ballot Measures__15 - Alternative-Fuel Vehicles,81.4,91.6
ballot_measures_2016.csv,Washington__State Ballot Measures__Campaign Finance,81.4,91.6
ballot_measures_2016.csv,Washington__State Ballot Measures__Dental Insurance Tax,81.4,91.6
ballot_measures_2016.csv,Washington__State Ballot Measures__Firearms Access,81.4,91.6
ballot_measures_2016.csv,Washington__State Ballot Measures__Fraud Protection,81.4,91.6
ballot_measures_2016.csv,Washington__State Ballot Measures__Fuel Tax Exemptions,81.4,91.6
ballot_measures_2016.csv,Washington__State Ballot Measures__Increase Minimum Wage,81.4,91.6
ballot_measures_2016.csv,Washington__State Ballot Measures__Oppose Citizens United,81.4,91.6
ballot_measures_2016.csv,Washington__State Ballot Measures__Redistricting,81.4,91.6
governor_general_election_2016.csv,Overall 2016 Utah Governor Election Results__democrat__M. Weinholtz,81.6,94.1
governor_general_election_2016.csv,Overall 2016 Utah Governor Election Results__independent_or_other__B. Kamerath,81.6,94.1
governor_general_election_2016.csv,Overall 2016 Utah Governor Election Results__independent_or_other__D. Schanze,81.6,94.1
governor_general_election_2016.csv,Overall 2016 Utah Governor Election Results__republican__G. Herbert,81.6,94.1
governor_general_election_2016.csv,Overall 2016 Washington Governor Election Results__democrat__J. Inslee,82.1,92
governor_general_election_2016.csv,Overall 2016 Washington Governor Election Results__republican__B. Bryant,82.1,92
governor_general_election_2016_by_county.csv,Utah__Box Elder County__democrat__M. Weinholtz,81.1,100
governor_general_election_2016_by_county.csv,Utah__Box Elder County__independent_or_other__B. Kamerath,81.1,100
governor_general_election_2016_by_county.csv,Utah__Box Elder County__independent_or_other__D. Schanze,81.1,100
governor_general_election_2016_by_county.csv,Utah__Box Elder County__republican__G. Herbert,81.1,100
governor_general_election_2016_by_county.csv,Utah__Cache County__democrat__M. Weinholtz,60,82.4
governor_general_election_2016_by_county.csv,Utah__Cache County__independent_or_other__B. Kamerath,60,82.4
governor_general_election_2016_by_county.csv,Utah__Cache County__independent_or_other__D. Schanze,60,82.4
governor_general_election_2016_by_county.csv,Utah__Cache County__republican__G. Herbert,60,82.4
governor_general_election_2016_by_county.csv,Utah__Carbon County__democrat__M. Weinholtz,95,100
governor_general_election_2016_by_county.csv,Utah__Carbon County__independent_or_other__B. Kamerath,95,100
governor_general_election_2016_by_county.csv,Utah__Carbon County__independent_or_other__D. Schanze,95,100
governor_general_election_2016_by_county.csv,Utah__Carbon County__republican__G. Herbert,95,100
governor_general_election_2016_by_county.csv,Utah__Daggett County__democrat__M. Weinholtz,83.3,100
governor_general_election_2016_by_county.csv,Utah__Daggett County__independent_or_other__B. Kamerath,83.3,100
governor_general_election_2016_by_county.csv,Utah__Daggett County__independent_or_other__D. Schanze,83.3,100
governor_general_election_2016_by_county.csv,Utah__Daggett County__republican__G. Herbert,83.3,100
governor_general_election_2016_by_county.csv,Utah__Davis County__democrat__M. Weinholtz,73.6,84.1
governor_general_election_2016_by_county.csv,Utah__Davis County__independent_or_other__B. Kamerath,73.6,84.1
governor_general_election_2016_by_county.csv,Utah__Davis County__independent_or_other__D. Schanze,73.6,84.1
governor_general_election_2016_by_county.csv,Utah__Davis County__republican__G. Herbert,73.6,84.1
governor_general_election_2016_by_county.csv,Utah__Iron County__democrat__M. Weinholtz,35,87.5
governor_general_election_2016_by_county.csv,Utah__Iron County__independent_or_other__B. Kamerath,35,87.5
governor_general_election_2016_by_county.csv,Utah__Iron County__independent_or_other__D. Schanze,35,87.5
governor_general_election_2016_by_county.csv,Utah__Iron County__republican__G. Herbert,35,87.5
governor_general_election_2016_by_county.csv,Utah__Juab County__democrat__M. Weinholtz,16.7,100
governor_general_election_2016_by_county.csv,Utah__Juab County__independent_or_other__B. Kamerath,16.7,100
governor_general_election_2016_by_county.csv,Utah__Juab County__independent_or_other__D. Schanze,16.7,100
governor_general_election_2016_by_county.csv,Utah__Juab County__republican__G. Herbert,16.7,100
governor_general_election_2016_by_county.csv,Utah__Piute County__democrat__M. Weinholtz,66.7,100
governor_general_election_2016_by_county.csv,Utah__Piute County__independent_or_other__B. Kamerath,66.7,100
governor_general_election_2016_by_county.csv,Utah__Piute County__independent_or_other__D. Schanze,66.7,100
governor_general_election_2016_by_county.csv,Utah__Piute County__republican__G. Herbert,66.7,100
governor_general_election_2016_by_county.csv,Utah__Salt Lake County__democrat__M. Weinholtz,71.3,91.3
governor_general_election_2016_by_county.csv,Utah__Salt Lake County__independent_or_other__B. Kamerath,71.3,91.3
governor_general_election_2016_by_county.csv,Utah__Salt Lake County__independent_or_other__D. Schanze,71.3,91.3
governor_general_election_2016_by_county.csv,Utah__Salt Lake County__republican__G. Herbert,71.3,91.3
governor_general_election_2016_by_county.csv,Utah__San Juan County__democrat__M. Weinholtz,65,95
governor_general_election_2016_by_county.csv,Utah__San Juan County__independent_or_other__B. Kamerath,65,95
governor_general_election_2016_by_county.csv,Utah__San Juan County__independent_or_other__D. Schanze,65,95
governor_general_election_2016_by_county.csv,Utah__San Juan County__republican__G. Herbert,65,95
governor_general_election_2016_by_county.csv,Utah__Sevier County__democrat__M. Weinholtz,91.3,95.7
governor_general_election_2016_by_county.csv,Utah__Sevier County__independent_or_other__B. Kamerath,91.3,95.7
governor_general_election_2016_by_county.csv,Utah__Sevier County__independent_or_other__D. Schanze,91.3,95.7
governor_general_election_2016_by_county.csv,Utah__Sevier County__republican__G. Herbert,91.3,95.7
governor_general_election_2016_by_county.csv,Utah__Washington County__democrat__M. Weinholtz,87.5,100
governor_general_election_2016_by_county.csv,Utah__Washington County__independent_or_other__B. Kamerath,87.5,100
governor_general_election_2016_by_county.csv,Utah__Washington County__independent_or_other__D. Schanze,87.5,100
governor_general_election_2016_by_county.csv,Utah__Washington County__republican__G. Herbert,87.5,100
governor_general_election_2016_by_county.csv,Washington__Asotin County__democrat__J. Inslee,71.4,85.7
governor_general_election_2016_by_county.csv,Washington__Asotin County__republican__B. Bryant,71.4,85.7
governor_general_election_2016_by_county.csv,Washington__Benton County__democrat__J. Inslee,84,96
governor_general_election_2016_by_county.csv,Washington__Benton County__republican__B. Bryant,84,96
governor_general_election_2016_by_county.csv,Washington__Chelan County__democrat__J. Inslee,66.7,81
governor_general_election_2016_by_county.csv,Washington__Chelan County__republican__B. Bryant,66.7,81
governor_general_election_2016_by_county.csv,Washington__Clallam County__democrat__J. Inslee,79.2,83.3
governor_general_election_2016_by_county.csv,Washington__Clallam County__republican__B. Bryant,79.2,83.3
governor_general_election_2016_by_county.csv,Washington__Clark County__democrat__J. Inslee,93.6,96.8
governor_general_election_2016_by_county.csv,Washington__Clark County__republican__B. Bryant,93.6,96.8
governor_general_election_2016_by_county.csv,Washington__Columbia County__democrat__J. Inslee,50,100
governor_general_election_2016_by_county.csv,Washington__Columbia County__republican__B. Bryant,50,100
governor_general_election_2016_by_county.csv,Washington__Cowlitz County__democrat__J. Inslee,86.7,96.7
governor_general_election_2016_by_county.csv,Washington__Cowlitz County__republican__B. Bryant,86.7,96.7
governor_general_election_2016_by_county.csv,Washington__Douglas County__democrat__J. Inslee,50,70
governor_general_election_2016_by_county.csv,Washington__Douglas County__republican__B. Bryant,50,70
governor_general_election_2016_by_county.csv,Washington__Ferry County__democrat__J. Inslee,50,100
governor_general_election_2016_by_county.csv,Washington__Ferry County__republican__B. Bryant,50,100
governor_general_election_2016_by_county.csv,Washington__Franklin County__democrat__J. Inslee,60,86.7
governor_general_election_2016_by_county.csv,Washington__Franklin County__republican__B. Bryant,60,86.7
governor_general_election_2016_by_county.csv,Washington__Grant County__democrat__J. Inslee,94.7,100
governor_general_election_2016_by_county.csv,Washington__Grant County__republican__B. Bryant,94.7,100
governor_general_election_2016_by_county.csv,Washington__Grays Harbor County__democrat__J. Inslee,85,100
governor_general_election_2016_by_county.csv,Washington__Grays Harbor County__republican__B. Bryant,85,100
governor_general_election_2016_by_county.csv,Washington__Jefferson County__democrat__J. Inslee,83.3,100
governor_general_election_2016_by_county.csv,Washington__Jefferson County__republican__B. Bryant,83.3,100
governor_general_election_2016_by_county.csv,Washington__King County__democrat__J. Inslee,83.2,90.6
governor_general_election_2016_by_county.csv,Washington__King County__republican__B. Bryant,83.2,90.6
governor_general_election_2016_by_county.csv,Washington__Kitsap County__democrat__J. Inslee,91.1,94.9
governor_general_election_2016_by_county.csv,Washington__Kitsap County__republican__B. Bryant,91.1,94.9
governor_general_election_2016_by_county.csv,Washington__Kittitas County__democrat__J. Inslee,72.7,90.9
governor_general_election_2016_by_county.csv,Washington__Kittitas County__republican__B. Bryant,72.7,90.9
governor_general_election_2016_by_county.csv,Washington__Klickitat County__democrat__J. Inslee,71.4,85.7
governor_general_election_2016_by_county.csv,Washington__Klickitat County__republican__B. Bryant,71.4,85.7
governor_general_election_2016_by_county.csv,Washington__Lewis County__democrat__J. Inslee,60.9,73.9
governor_general_election_2016_by_county.csv,Washington__Lewis County__republican__B. Bryant,60.9,73.9
governor_general_election_2016_by_county.csv,Washington__Lincoln County__democrat__J. Inslee,75,100
governor_general_election_2016_by_county.csv,Washington__Lincoln County__republican__B. Bryant,75,100
governor_general_election_2016_by_county.csv,Washington__Mason County__democrat__J. Inslee,77.8,94.4
governor_general_election_2016_by_county.csv,Washington__Mason County__republican__B. Bryant,77.8,94.4
governor_general_election_2016_by_county.csv,Washington__Okanogan County__democrat__J. Inslee,36.4,63.6
governor_general_election_2016_by_county.csv,Washington__Okanogan County__republican__B. Bryant,36.4,63.6
governor_general_election_2016_by_county.csv,Washington__Pacific County__democrat__J. Inslee,85.7,100
governor_general_election_2016_by_county.csv,Washington__Pacific County__republican__B. Bryant,85.7,100
governor_general_election_2016_by_county.csv,Washington__Pierce County__democrat__J. Inslee,74.9,94.3
governor_general_election_2016_by_county.csv,Washington__Pierce County__republican__B. Bryant,74.9,94.3
governor_general_election_2016_by_county.csv,Washington__Skagit County__democrat__J. Inslee,68.6,97.1
governor_general_election_2016_by_county.csv,Washington__Skagit County__republican__B. Bryant,68.6,97.1
governor_general_election_2016_by_county.csv,Washington__Snohomish County__democrat__J. Inslee,80.3,91.5
governor_general_election_2016_by_county.csv,Washington__Snohomish County__republican__B. Bryant,80.3,91.5
governor_general_election_2016_by_county.csv,Washington__Spokane County__democrat__J. Inslee,88.3,92.4
governor_general_election_2016_by_county.csv,Washington__Spokane County__republican__B. Bryant,88.3,92.4
governor_general_election_2016_by_county.csv,Washington__Stevens County__democrat__J. Inslee,60,66.7
governor_general_election_2016_by_county.csv,Washington__Stevens County__republican__B. Bryant,60,66.7
governor_general_election_2016_by_county.csv,Washington__Thurston County__democrat__J. Inslee,93.9,95.1
governor_general_election_2016_by_county.csv,Washington__Thurston County__republican__B. Bryant,93.9,95.1
governor_general_election_2016_by_county.csv,Washington__Walla Walla County__democrat__J. Inslee,68.8,81.3
governor_general_election_2016_by_county.csv,Washington__Walla Walla County__republican__B. Bryant,68.8,81.3
governor_general_election_2016_by_county.csv,Washington__Whitman County__democrat__J. Inslee,45.5,63.6
governor_general_election_2016_by_county.csv,Washington__Whitman County__republican__B. Bryant,45.5,63.6
governor_general_election_2016_by_county.csv,Washington__Yakima County__democrat__J. Inslee,65.5,92.7
governor_general_election_2016_by_county.csv,Washington__Yakima County__republican__B. Bryant,65.5,92.7
governor_primaries_2016_by_county.csv,"Washington__Adams County__democrat__<span class=""name-combo"">J. Deal</span>",33.3,0
governor_primaries_2016_by_county.csv,"Washington__Adams County__democrat__<span class=""name-combo"">J. Dodds</span>",33.3,0
governor_primaries_2016_by_county.csv,"Washington__Adams County__democrat__<span class=""name-combo"">J. Inslee (i)</span>",33.3,0
governor_primaries_2016_by_county.csv,"Washington__Adams County__democrat__<span class=""name-combo"">P. O'Rourke</span>",33.3,0
governor_primaries_2016_by_county.csv,"Washington__Adams County__independent_or_other__<span class=""name-combo"">C. Joubert</span>",33.3,0
governor_primaries_2016_by_county.csv,"Washington__Adams County__independent_or_other__<span class=""name-combo"">D. Blomstrom</span>",33.3,0
governor_primaries_2016_by_county.csv,"Washington__Adams County__independent_or_other__<span class=""name-combo"">M. Martin</span>",33.3,0
governor_primaries_2016_by_county.csv,"Washington__Adams County__independent_or_other__<span class=""name-combo"">S. Rubenstein</span>",33.3,0
governor_primaries_2016_by_county.csv,"Washington__Adams County__republican__<span class=""name-combo"">B. Bryant</span>",33.3,0
governor_primaries_2016_by_county.csv,"Washington__Adams County__republican__<span class=""name-combo"">B. Hirt</span>",33.3,0
governor_primaries_2016_by_county.csv,"Washington__Adams County__republican__<span class=""name-combo"">Goodspaceguy</span>",33.3,0
governor_primaries_2016_by_county.csv,"Washington__Asotin County__democrat__<span class=""name-combo"">J. Deal</span>",57.1,0
governor_primaries_2016_by_county.csv,"Washington__Asotin County__democrat__<span class=""name-combo"">J. Dodds</span>",57.1,0
governor_primaries_2016_by_county.csv,"Washington__Asotin County__democrat__<span class=""name-combo"">J. Inslee (i)</span>",57.1,0
governor_primaries_2016_by_county.csv,"Washington__Asotin County__democrat__<span class=""name-combo"">P. O'Rourke</span>",57.1,0
governor_primaries_2016_by_county.csv,"Washington__Asotin County__independent_or_other__<span class=""name-combo"">C. Joubert</span>",57.1,0
governor_primaries_2016_by_county.csv,"Washington__Asotin County__independent_or_other__<span class=""name-combo"">D. Blomstrom</span>",57.1,0
governor_primaries_2016_by_county.csv,"Washington__Asotin County__independent_or_other__<span class=""name-combo"">M. Martin</span>",57.1,0
governor_primaries_2016_by_county.csv,"Washington__Asotin County__independent_or_other__<span class=""name-combo"">S. Rubenstein</span>",57.1,0
governor_primaries_2016_by_county.csv,"Washington__Asotin County__republican__<span class=""name-combo"">B. Bryant</span>",57.1,0
governor_primaries_2016_by_county.csv,"Washington__Asotin County__republican__<span class=""name-combo"">B. Hirt</span>",57.1,0
governor_primaries_2016_by_county.csv,"Washington__Asotin County__republican__<span class=""name-combo"">Goodspaceguy</span>",57.1,0
governor_primaries_2016_by_county.csv,"Washington__Benton County__democrat__<span class=""name-combo"">J. Deal</span>",74,0
governor_primaries_2016_by_county.csv,"Washington__Benton County__democrat__<span class=""name-combo"">J. Dodds</span>",74,0
governor_primaries_2016_by_county.csv,"Washington__Benton County__democrat__<span class=""name-combo"">J. Inslee (i)</span>",74,0
governor_primaries_2016_by_county.csv,"Washington__Benton County__democrat__<span class=""name-combo"">P. O'Rourke</span>",74,0
governor_primaries_2016_by_county.csv,"Washington__Benton County__independent_or_other__<span class=""name-combo"">C. Joubert</span>",74,0
governor_primaries_2016_by_county.csv,"Washington__Benton County__independent_or_other__<span class=""name-combo"">D. Blomstrom</span>",74,0
governor_primaries_2016_by_county.csv,"Washington__Benton County__independent_or_other__<span class=""name-combo"">M. Martin</span>",74,0
governor_primaries_2016_by_county.csv,"Washington__Benton County__independent_or_other__<span class=""name-combo"">S. Rubenstein</span>",74,0
governor_primaries_2016_by_county.csv,"Washington__Benton County__republican__<span class=""name-combo"">B. Bryant</span>",74,0
governor_primaries_2016_by_county.csv,"Washington__Benton County__republican__<span class=""name-combo"">B. Hirt</span>",74,0
governor_primaries_2016_by_county.csv,"Washington__Benton County__republican__<span class=""name-combo"">Goodspaceguy</span>",74,0
governor_primaries_2016_by_county.csv,"Washington__Chelan County__democrat__<span class=""name-combo"">J. Deal</span>",71.4,0
governor_primaries_2016_by_county.csv,"Washington__Chelan County__democrat__<span class=""name-combo"">J. Dodds</span>",71.4,0
governor_primaries_2016_by_county.csv,"Washington__Chelan County__democrat__<span class=""name-combo"">J. Inslee (i)</span>",71.4,0
governor_primaries_2016_by_county.csv,"Washington__Chelan County__democrat__<span class=""name-combo"">P. O'Rourke</span>",71.4,0
governor_primaries_2016_by_county.csv,"Washington__Chelan County__independent_or_other__<span class=""name-combo"">C. Joubert</span>",71.4,0
governor_primaries_2016_by_county.csv,"Washington__Chelan County__independent_or_other__<span class=""name-combo"">D. Blomstrom</span>",71.4,0
governor_primaries_2016_by_county.csv,"Washington__Chelan County__independent_or_other__<span class=""name-combo"">M. Martin</span>",71.4,0
governor_primaries_2016_by_county.csv,"Washington__Chelan County__independent_or_other__<span class=""name-combo"">S. Rubenstein</span>",71.4,0
governor_primaries_2016_by_county.csv,"Washington__Chelan County__republican__<span class=""name-combo"">B. Bryant</span>",71.4,0
governor_primaries_2016_by_county.csv,"Washington__Chelan County__republican__<span class=""name-combo"">B. Hirt</span>",71.4,0
governor_primaries_2016_by_county.csv,"Washington__Chelan County__republican__<span class=""name-combo"">Goodspaceguy</span>",71.4,0
governor_primaries_2016_by_county.csv,"Washington__Clallam County__democrat__<span class=""name-combo"">J. Deal</span>",66.7,0
governor_primaries_2016_by_county.csv,"Washington__Clallam County__democrat__<span class=""name-combo"">J. Dodds</span>",66.7,0
governor_primaries_2016_by_county.csv,"Washington__Clallam County__democrat__<span class=""name-combo"">J. Inslee (i)</span>",66.7,0
governor_primaries_2016_by_county.csv,"Washington__Clallam County__democrat__<span class=""name-combo"">P. O'Rourke</span>",66.7,0
governor_primaries_2016_by_county.csv,"Washington__Clallam County__independent_or_other__<span class=""name-combo"">C. Joubert</span>",66.7,0
governor_primaries_2016_by_county.csv,"Washington__Clallam County__independent_or_other__<span class=""name-combo"">D. Blomstrom</span>",66.7,0
governor_primaries_2016_by_county.csv,"Washington__Clallam County__independent_or_other__<span class=""name-combo"">M. Martin</span>",66.7,0
governor_primaries_2016_by_county.csv,"Washington__Clallam County__independent_or_other__<span class=""name-combo"">S. Rubenstein</span>",66.7,0
governor_primaries_2016_by_county.csv,"Washington__Clallam County__republican__<span class=""name-combo"">B. Bryant</span>",66.7,0
governor_primaries_2016_by_county.csv,"Washington__Clallam County__republican__<span class=""name-combo"">B. Hirt</span>",66.7,0
governor_primaries_2016_by_county.csv,"Washington__Clallam County__republican__<span class=""name-combo"">Goodspaceguy</span>",66.7,0
governor_primaries_2016_by_county.csv,"Washington__Clark County__democrat__<span class=""name-combo"">J. Deal</span>",88.8,0
governor_primaries_2016_by_county.csv,"Washington__Clark County__democrat__<span class=""name-combo"">J. Dodds</span>",88.8,0
governor_primaries_2016_by_county.csv,"Washington__Clark County__democrat__<span class=""name-combo"">J. Inslee (i)</span>",88.8,0
governor_primaries_2016_by_county.csv,"Washington__Clark County__democrat__<span class=""name-combo"">P. O'Rourke</span>",88.8,0
governor_primaries_2016_by_county.csv,"Washington__Clark County__independent_or_other__<span class=""name-combo"">C. Joubert</span>",88.8,0
governor_primaries_2016_by_county.csv,"Washington__Clark County__independent_or_other__<span class=""name-combo"">D. Blomstrom</span>",88.8,0
governor_primaries_2016_by_county.csv,"Washington__Clark County__independent_or_other__<span class=""name-combo"">M. Martin</span>",88.8,0
governor_primaries_2016_by_county.csv,"Washington__Clark County__independent_or_other__<span class=""name-combo"">S. Rubenstein</span>",88.8,0
governor_primaries_2016_by_county.csv,"Washington__Clark County__republican__<span class=""name-combo"">B. Bryant</span>",88.8,0
governor_primaries_2016_by_county.csv,"Washington__Clark County__republican__<span class=""name-combo"">B. Hirt</span>",88.8,0
governor_primaries_2016_by_county.csv,"Washington__Clark County__republican__<span class=""name-combo"">Goodspaceguy</span>",88.8,0
governor_primaries_2016_by_county.csv,"Washington__Columbia County__democrat__<span class=""name-combo"">J. Deal</span>",50,0
governor_primaries_2016_by_county.csv,"Washington__Columbia County__democrat__<span class=""name-combo"">J. Dodds</span>",50,0
governor_primaries_2016_by_county.csv,"Washington__Columbia County__democrat__<span class=""name-combo"">J. Inslee (i)</span>",50,0
governor_primaries_2016_by_county.csv,"Washington__Columbia County__democrat__<span class=""name-combo"">P. O'Rourke</span>",50,0
governor_primaries_2016_by_county.csv,"Washington__Columbia County__independent_or_other__<span class=""name-combo"">C. Joubert</span>",50,0
governor_primaries_2016_by_county.csv,"Washington__Columbia County__independent_or_other__<span class=""name-combo"">D. Blomstrom</span>",50,0
governor_primaries_2016_by_county.csv,"Washington__Columbia County__independent_or_other__<span class=""name-combo"">M. Martin</span>",50,0
governor_primaries_2016_by_county.csv,"Washington__Columbia County__independent_or_other__<span class=""name-combo"">S. Rubenstein</span>",50,0
governor_primaries_2016_by_county.csv,"Washington__Columbia County__republican__<span class=""name-combo"">B. Bryant</span>",50,0
governor_primaries_2016_by_county.csv,"Washington__Columbia County__republican__<span class=""name-combo"">B. Hirt</span>",50,0
governor_primaries_2016_by_county.csv,"Washington__Columbia County__republican__<span class=""name-combo"">Goodspaceguy</span>",50,0
governor_primaries_2016_by_county.csv,"Washington__Cowlitz County__democrat__<span class=""name-combo"">J. Deal</span>",73.3,0
governor_primaries_2016_by_county.csv,"Washington__Cowlitz County__democrat__<span class=""name-combo"">J. Dodds</span>",73.3,0
governor_primaries_2016_by_county.csv,"Washington__Cowlitz County__democrat__<span class=""name-combo"">J. Inslee (i)</span>",73.3,0
governor_primaries_2016_by_county.csv,"Washington__Cowlitz County__democrat__<span class=""name-combo"">P. O'Rourke</span>",73.3,0
governor_primaries_2016_by_county.csv,"Washington__Cowlitz County__independent_or_other__<span class=""name-combo"">C. Joubert</span>",73.3,0
governor_primaries_2016_by_county.csv,"Washington__Cowlitz County__independent_or_other__<span class=""name-combo"">D. Blomstrom</span>",73.3,0
governor_primaries_2016_by_county.csv,"Washington__Cowlitz County__independent_or_other__<span class=""name-combo"">M. Martin</span>",73.3,0
governor_primaries_2016_by_county.csv,"Washington__Cowlitz County__independent_or_other__<span class=""name-combo"">S. Rubenstein</span>",73.3,0
governor_primaries_2016_by_county.csv,"Washington__Cowlitz County__republican__<span class=""name-combo"">B. Bryant</span>",73.3,0
governor_primaries_2016_by_county.csv,"Washington__Cowlitz County__republican__<span class=""name-combo"">B. Hirt</span>",73.3,0
governor_primaries_2016_by_county.csv,"Washington__Cowlitz County__republican__<span class=""name-combo"">Goodspaceguy</span>",73.3,0
governor_primaries_2016_by_county.csv,"Washington__Douglas County__democrat__<span class=""name-combo"">J. Deal</span>",50,0
governor_primaries_2016_by_county.csv,"Washington__Douglas County__democrat__<span class=""name-combo"">J. Dodds</span>",50,0
governor_primaries_2016_by_county.csv,"Washington__Douglas County__democrat__<span class=""name-combo"">J. Inslee (i)</span>",50,0
governor_primaries_2016_by_county.csv,"Washington__Douglas County__democrat__<span class=""name-combo"">P. O'Rourke</span>",50,0
governor_primaries_2016_by_county.csv,"Washington__Douglas County__independent_or_other__<span class=""name-combo"">C. Joubert</span>",50,0
governor_primaries_2016_by_county.csv,"Washington__Douglas County__independent_or_other__<span class=""name-combo"">D. Blomstrom</span>",50,0
governor_primaries_2016_by_county.csv,"Washington__Douglas County__independent_or_other__<span class=""name-combo"">M. Martin</span>",50,0
governor_primaries_2016_by_county.csv,"Washington__Douglas County__independent_or_other__<span class=""name-combo"">S. Rubenstein</span>",50,0
governor_primaries_2016_by_county.csv,"Washington__Douglas County__republican__<span class=""name-combo"">B. Bryant</span>",50,0
governor_primaries_2016_by_county.csv,"Washington__Douglas County__republican__<span class=""name-combo"">B. Hirt</span>",50,0
governor_primaries_2016_by_county.csv,"Washington__Douglas County__republican__<span class=""name-combo"">Goodspaceguy</span>",50,0
governor_primaries_2016_by_county.csv,"Washington__Ferry County__democrat__<span class=""name-combo"">J. Deal</span>",50,0
governor_primaries_2016_by_county.csv,"Washington__Ferry County__democrat__<span class=""name-combo"">J. Dodds</span>",50,0
governor_primaries_2016_by_county.csv,"Washington__Ferry County__democrat__<span class=""name-combo"">J. Inslee (i)</span>",50,0
governor_primaries_2016_by_county.csv,"Washington__Ferry County__democrat__<span class=""name-combo"">P. O'Rourke</span>",50,0
governor_primaries_2016_by_county.csv,"Washington__Ferry County__independent_or_other__<span class=""name-combo"">C. Joubert</span>",50,0
governor_primaries_2016_by_county.csv,"Washington__Ferry County__independent_or_other__<span class=""name-combo"">D. Blomstrom</span>",50,0
governor_primaries_2016_by_county.csv,"Washington__Ferry County__independent_or_other__<span class=""name-combo"">M. Martin</span>",50,0
governor_primaries_2016_by_county.csv,"Washington__Ferry County__independent_or_other__<span class=""name-combo"">S. Rubenstein</span>",50,0
governor_primaries_2016_by_county.csv,"Washington__Ferry County__republican__<span class=""name-combo"">B. Bryant</span>",50,0
governor_primaries_2016_by_county.csv,"Washington__Ferry County__republican__<span class=""name-combo"">B. Hirt</span>",50,0
governor_primaries_2016_by_county.csv,"Washington__Ferry County__republican__<span class=""name-combo"">Goodspaceguy</span>",50,0
house_general_election_2016.csv,10th District Election__democrat__D. Heck,80.1,91.6
house_general_election_2016.csv,10th District Election__republican__J. Postma,80.1,91.6
house_general_election_2016.csv,1st District Election__democrat__P. Clemens,84.9,92.8
house_general_election_2016.csv,1st District Election__democrat__S. DelBene,82.7,90.2
house_general_election_2016.csv,1st District Election__democrat__S. Lindbeck,99.8,99.5
house_general_election_2016.csv,1st District Election__independent_or_other__B. Souphanavong,99.8,99.5
house_general_election_2016.csv,1st District Election__independent_or_other__C. Bowden,84.9,92.8
house_general_election_2016.csv,1st District Election__independent_or_other__C. Fairbanks,84.9,92.8
house_general_election_2016.csv,1st District Election__independent_or_other__J. McDermott,99.8,99.5
house_general_election_2016.csv,1st District Election__republican__D. Young,99.8,99.5
house_general_election_2016.csv,1st District Election__republican__R. Bishop,84.9,92.8
house_general_election_2016.csv,1st District Election__republican__R. Sutherland,82.7,90.2
house_general_election_2016.csv,2nd District Election__democrat__C. Albarran,79.2,96.4
house_general_election_2016.csv,2nd District Election__democrat__R. Larsen,83.2,92.4
house_general_election_2016.csv,2nd District Election__independent_or_other__P. McCollaum,79.2,96.4
house_general_election_2016.csv,2nd District Election__republican__C. Stewart,79.2,96.4
house_general_election_2016.csv,2nd District Election__republican__M. Hennemann,83.2,92.4
house_general_election_2016.csv,3rd District Election__democrat__J. Moeller,86.1,93.1
house_general_election_2016.csv,3rd District Election__democrat__R. DeLauro,99.4,100
house_general_election_2016.csv,3rd District Election__democrat__S. Tryon,84,92.2
house_general_election_2016.csv,3rd District Election__republican__A. Cadena,99.4,100
house_general_election_2016.csv,3rd District Election__republican__J. Chaffetz,84,92.2
house_general_election_2016.csv,3rd District Election__republican__J. Herrera Beutler,86.1,93.1
house_general_election_2016.csv,4th District Election__democrat__D. Owens,77.9,91.9
house_general_election_2016.csv,4th District Election__democrat__J. Himes,79,100
house_general_election_2016.csv,4th District Election__independent_or_other__C. Simonsen,77.9,91.9
house_general_election_2016.csv,4th District Election__republican__C. Didier,67.7,84.5
house_general_election_2016.csv,4th District Election__republican__D. Newhouse,67.7,84.5
house_general_election_2016.csv,4th District Election__republican__J. Shaban,79,100
house_general_election_2016.csv,4th District Election__republican__M. Love,77.9,91.9
house_general_election_2016.csv,5th District Election__democrat__J. Pakootas,81.1,88.8
house_general_election_2016.csv,5th District Election__republican__C. McMorris Rodgers,81.1,88.8
house_general_election_2016.csv,6th District Election__democrat__D. Kilmer,81,91.5
house_general_election_2016.csv,6th District Election__republican__T. Bloom,81,91.5
house_general_election_2016.csv,7th District Election__democrat__B. Walkinshaw,81.1,87.1
house_general_election_2016.csv,7th District Election__democrat__P. Jayapal,81.1,87.1
house_general_election_2016.csv,8th District Election__democrat__T. Ventrella,75.1,87.6
house_general_election_2016.csv,8th District Election__republican__D. Reichert,75.1,87.6
house_general_election_2016.csv,9th District Election__democrat__A. Smith,74.5,82.6
house_general_election_2016.csv,9th District Election__republican__D. Basler,74.5,82.6
presidential_general_election_2016.csv,Overall 2016 Alaska Presidential Election Results__democrat__H. Clinton,99.8,99.5
presidential_general_election_2016.csv,Overall 2016 Alaska Presidential Election Results__independent_or_other__D. Castle,99.8,99.5
presidential_general_election_2016.csv,Overall 2016 Alaska Presidential Election Results__independent_or_other__G. Johnson,99.8,99.5
presidential_general_election_2016.csv,Overall 2016 Alaska Presidential Election Results__independent_or_other__J. Stein,99.8,99.5
presidential_general_election_2016.csv,Overall 2016 Alaska Presidential Election Results__independent_or_other__R. De La Fuente,99.8,99.5
presidential_general_election_2016.csv,Overall 2016 Alaska Presidential Election Results__republican__D. Trump,99.8,99.5
presidential_general_election_2016.csv,Overall 2016 Connecticut Presidential Election Results__democrat__H. Clinton,96.1,99.9
presidential_general_election_2016.csv,Overall 2016 Connecticut Presidential Election Results__independent_or_other__G. Johnson,96.1,99.9
presidential_general_election_2016.csv,Overall 2016 Connecticut Presidential Election Results__independent_or_other__J. Stein,96.1,99.9
presidential_general_election_2016.csv,Overall 2016 Connecticut Presidential Election Results__republican__D. Trump,96.1,99.9
presidential_general_election_2016.csv,Overall 2016 Washington Presidential Election Results__democrat__H. Clinton,81.6,91.3
presidential_general_election_2016.csv,Overall 2016 Washington Presidential Election Results__independent_or_other__A. Kennedy,81.6,91.3
presidential_general_election_2016.csv,Overall 2016 Washington Presidential Election Results__independent_or_other__D. Castle,81.6,91.3
presidential_general_election_2016.csv,Overall 2016 Washington Presidential Election Results__independent_or_other__G. Johnson,81.6,91.3
presidential_general_election_2016.csv,Overall 2016 Washington Presidential Election Results__independent_or_other__G. La Riva,81.6,91.3
presidential_general_election_2016.csv,Overall 2016 Washington Presidential Election Results__independent_or_other__J. Stein,81.6,91.3
presidential_general_election_2016.csv,Overall 2016 Washington Presidential Election Results__republican__D. Trump,81.6,91.3
presidential_general_election_2016_by_county.csv,Connecticut__Fairfield County__democrat__H. Clinton,82.7,99.3
presidential_general_election_2016_by_county.csv,Connecticut__Fairfield County__independent_or_other__G. Johnson,82.7,99.3
presidential_general_election_2016_by_county.csv,Connecticut__Fairfield County__independent_or_other__J. Stein,82.7,99.3
presidential_general_election_2016_by_county.csv,Connecticut__Fairfield County__republican__D. Trump,82.7,99.3
presidential_general_election_2016_by_county.csv,Connecticut__New Haven County__democrat__H. Clinton,99.5,100
presidential_general_election_2016_by_county.csv,Connecticut__New Haven County__independent_or_other__G. Johnson,99.5,100
presidential_general_election_2016_by_county.csv,Connecticut__New Haven County__independent_or_other__J. Stein,99.5,100
presidential_general_election_2016_by_county.csv,Connecticut__New Haven County__republican__D. Trump,99.5,100
presidential_general_election_2016_by_county.csv,Utah__Cache County__democrat__H. Clinton,60,82.4
presidential_general_election_2016_by_county.csv,Utah__Cache County__independent_or_other__A. Kennedy,60,82.4
presidential_general_election_2016_by_county.csv,Utah__Cache County__independent_or_other__D. Castle,60,82.4
presidential_general_election_2016_by_county.csv,Utah__Cache County__independent_or_other__E. McMullin,60,82.4
presidential_general_election_2016_by_county.csv,Utah__Cache County__independent_or_other__G. Johnson,60,82.4
presidential_general_election_2016_by_county.csv,Utah__Cache County__independent_or_other__J. Stein,60,82.4
presidential_general_election_2016_by_county.csv,Utah__Cache County__independent_or_other__M. Moorehead,60,82.4
presidential_general_election_2016_by_county.csv,Utah__Cache County__independent_or_other__R. De La Fuente,60,82.4
presidential_general_election_2016_by_county.csv,Utah__Cache County__independent_or_other__R. Giordani,60,82.4
presidential_general_election_2016_by_county.csv,Utah__Cache County__republican__D. Trump,60,82.4
presidential_general_election_2016_by_county.csv,Utah__Carbon County__democrat__H. Clinton,95,100
presidential_general_election_2016_by_county.csv,Utah__Carbon County__independent_or_other__A. Kennedy,95,100
presidential_general_election_2016_by_county.csv,Utah__Carbon County__independent_or_other__D. Castle,95,100
presidential_general_election_2016_by_county.csv,Utah__Carbon County__independent_or_other__E. McMullin,95,100
presidential_general_election_2016_by_county.csv,Utah__Carbon County__independent_or_other__G. Johnson,95,100
presidential_general_election_2016_by_county.csv,Utah__Carbon County__independent_or_other__J. Stein,95,100
presidential_general_election_2016_by_county.csv,Utah__Carbon County__independent_or_other__M. Moorehead,95,100
presidential_general_election_2016_by_county.csv,Utah__Carbon County__independent_or_other__R. De La Fuente,95,100
presidential_general_election_2016_by_county.csv,Utah__Carbon County__independent_or_other__R. Giordani,95,100
presidential_general_election_2016_by_county.csv,Utah__Carbon County__republican__D. Trump,95,100
presidential_general_election_2016_by_county.csv,Utah__Daggett County__democrat__H. Clinton,83.3,100
presidential_general_election_2016_by_county.csv,Utah__Daggett County__independent_or_other__A. Kennedy,83.3,100
presidential_general_election_2016_by_county.csv,Utah__Daggett County__independent_or_other__D. Castle,83.3,100
presidential_general_election_2016_by_county.csv,Utah__Daggett County__independent_or_other__E. McMullin,83.3,100
presidential_general_election_2016_by_county.csv,Utah__Daggett County__independent_or_other__G. Johnson,83.3,100
presidential_general_election_2016_by_county.csv,Utah__Daggett County__independent_or_other__J. Stein,83.3,100
presidential_general_election_2016_by_county.csv,Utah__Daggett County__independent_or_other__M. Moorehead,83.3,100
presidential_general_election_2016_by_county.csv,Utah__Daggett County__independent_or_other__R. De La Fuente,83.3,100
presidential_general_election_2016_by_county.csv,Utah__Daggett County__independent_or_other__R. Giordani,83.3,100
presidential_general_election_2016_by_county.csv,Utah__Daggett County__republican__D. Trump,83.3,100
presidential_general_election_2016_by_county.csv,Utah__Davis County__democrat__H. Clinton,73.6,83.6
presidential_general_election_2016_by_county.csv,Utah__Davis County__independent_or_other__A. Kennedy,73.6,83.6
presidential_general_election_2016_by_county.csv,Utah__Davis County__independent_or_other__D. Castle,73.6,83.6
presidential_general_election_2016_by_county.csv,Utah__Davis County__independent_or_other__E. McMullin,73.6,83.6
presidential_general_election_2016_by_county.csv,Utah__Davis County__independent_or_other__G. Johnson,73.6,83.6
presidential_general_election_2016_by_county.csv,Utah__Davis County__independent_or_other__J. Stein,73.6,83.6
presidential_general_election_2016_by_county.csv,Utah__Davis County__independent_or_other__M. Moorehead,73.6,83.6
presidential_general_election_2016_by_county.csv,Utah__Davis County__independent_or_other__R. De La Fuente,73.6,83.6
presidential_general_election_2016_by_county.csv,Utah__Davis County__independent_or_other__R. Giordani,73.6,83.6
presidential_general_election_2016_by_county.csv,Utah__Davis County__republican__D. Trump,73.6,83.6
presidential_general_election_2016_by_county.csv,Utah__Iron County__democrat__H. Clinton,35,87.5
presidential_general_election_2016_by_county.csv,Utah__Iron County__independent_or_other__A. Kennedy,35,87.5
presidential_general_election_2016_by_county.csv,Utah__Iron County__independent_or_other__D. Castle,35,87.5
presidential_general_election_2016_by_county.csv,Utah__Iron County__independent_or_other__E. McMullin,35,87.5
presidential_general_election_2016_by_county.csv,Utah__Iron County__independent_or_other__G. Johnson,35,87.5
presidential_general_election_2016_by_county.csv,Utah__Iron County__independent_or_other__J. Stein,35,87.5
presidential_general_election_2016_by_county.csv,Utah__Iron County__independent_or_other__M. Moorehead,35,87.5
presidential_general_election_2016_by_county.csv,Utah__Iron County__independent_or_other__R. De La Fuente,35,87.5
presidential_general_election_2016_by_county.csv,Utah__Iron County__independent_or_other__R. Giordani,35,87.5
presidential_general_election_2016_by_county.csv,Utah__Iron County__republican__D. Trump,35,87.5
presidential_general_election_2016_by_county.csv,Utah__Juab County__democrat__H. Clinton,94.4,100
presidential_general_election_2016_by_county.csv,Utah__Juab County__independent_or_other__A. Kennedy,94.4,100
presidential_general_election_2016_by_county.csv,Utah__Juab County__independent_or_other__D. Castle,94.4,100
presidential_general_election_2016_by_county.csv,Utah__Juab County__independent_or_other__E. McMullin,94.4,100
presidential_general_election_2016_by_county.csv,Utah__Juab County__independent_or_other__G. Johnson,94.4,100
presidential_general_election_2016_by_county.csv,Utah__Juab County__independent_or_other__J. Stein,94.4,100
presidential_general_election_2016_by_county.csv,Utah__Juab County__independent_or_other__M. Moorehead,94.4,100
presidential_general_election_2016_by_county.csv,Utah__Juab County__independent_or_other__R. De La Fuente,94.4,100
presidential_general_election_2016_by_county.csv,Utah__Juab County__independent_or_other__R. Giordani,94.4,100
presidential_general_election_2016_by_county.csv,Utah__Juab County__republican__D. Trump,94.4,100
presidential_general_election_2016_by_county.csv,Utah__Piute County__democrat__H. Clinton,66.7,100
presidential_general_election_2016_by_county.csv,Utah__Piute County__independent_or_other__A. Kennedy,66.7,100
presidential_general_election_2016_by_county.csv,Utah__Piute County__independent_or_other__D. Castle,66.7,100
presidential_general_election_2016_by_county.csv,Utah__Piute County__independent_or_other__E. McMullin,66.7,100
presidential_general_election_2016_by_county.csv,Utah__Piute County__independent_or_other__G. Johnson,66.7,100
presidential_general_election_2016_by_county.csv,Utah__Piute County__independent_or_other__J. Stein,66.7,100
presidential_general_election_2016_by_county.csv,Utah__Piute County__independent_or_other__M. Moorehead,66.7,100
presidential_general_election_2016_by_county.csv,Utah__Piute County__independent_or_other__R. De La Fuente,66.7,100
presidential_general_election_2016_by_county.csv,Utah__Piute County__independent_or_other__R. Giordani,66.7,100
presidential_general_election_2016_by_county.csv,Utah__Piute County__republican__D. Trump,66.7,100
presidential_general_election_2016_by_county.csv,Utah__Salt Lake County__democrat__H. Clinton,71.8,91.8
presidential_general_election_2016_by_county.csv,Utah__Salt Lake County__independent_or_other__A. Kennedy,71.8,91.8
presidential_general_election_2016_by_county.csv,Utah__Salt Lake County__independent_or_other__D. Castle,71.8,91.8
presidential_general_election_2016_by_county.csv,Utah__Salt Lake County__independent_or_other__E. McMullin,71.8,91.8
presidential_general_election_2016_by_county.csv,Utah__Salt Lake County__independent_or_other__G. Johnson,71.8,91.8
presidential_general_election_2016_by_county.csv,Utah__Salt Lake County__independent_or_other__J. Stein,71.8,91.8
presidential_general_election_2016_by_county.csv,Utah__Salt Lake County__independent_or_other__M. Moorehead,71.8,91.8
presidential_general_election_2016_by_county.csv,Utah__Salt Lake County__independent_or_other__R. De La Fuente,71.8,91.8
presidential_general_election_2016_by_county.csv,Utah__Salt Lake County__independent_or_other__R. Giordani,71.8,91.8
presidential_general_election_2016_by_county.csv,Utah__Salt Lake County__republican__D. Trump,71.8,91.8
presidential_general_election_2016_by_county.csv,Utah__San Juan County__democrat__H. Clinton,65,95
presidential_general_election_2016_by_county.csv,Utah__San Juan County__independent_or_other__A. Kennedy,65,95
presidential_general_election_2016_by_county.csv,Utah__San Juan County__independent_or_other__D. Castle,65,95
presidential_general_election_2016_by_county.csv,Utah__San Juan County__independent_or_other__E. McMullin,65,95
presidential_general_election_2016_by_county.csv,Utah__San Juan County__independent_or_other__G. Johnson,65,95
presidential_general_election_2016_by_county.csv,Utah__San Juan County__independent_or_other__J. Stein,65,95
presidential_general_election_2016_by_county.csv,Utah__San Juan County__independent_or_other__M. Moorehead,65,95
presidential_general_election_2016_by_county.csv,Utah__San Juan County__independent_or_other__R. De La Fuente,65,95
presidential_general_election_2016_by_county.csv,Utah__San Juan County__independent_or_other__R. Giordani,65,95
presidential_general_election_2016_by_county.csv,Utah__San Juan County__republican__D. Trump,65,95
presidential_general_election_2016_by_county.csv,Utah__Sevier County__democrat__H. Clinton,91.3,95.7
presidential_general_election_2016_by_county.csv,Utah__Sevier County__independent_or_other__A. Kennedy,91.3,95.7
presidential_general_election_2016_by_county.csv,Utah__Sevier County__independent_or_other__D. Castle,91.3,95.7
presidential_general_election_2016_by_county.csv,Utah__Sevier County__independent_or_other__E. McMullin,91.3,95.7
presidential_general_election_2016_by_county.csv,Utah__Sevier County__independent_or_other__G. Johnson,91.3,95.7
presidential_general_election_2016_by_county.csv,Utah__Sevier County__independent_or_other__J. Stein,91.3,95.7
presidential_general_election_2016_by_county.csv,Utah__Sevier County__independent_or_other__M. Moorehead,91.3,95.7
presidential_general_election_2016_by_county.csv,Utah__Sevier County__independent_or_other__R. De La Fuente,91.3,95.7
presidential_general_election_2016_by_county.csv,Utah__Sevier County__independent_or_other__R. Giordani,91.3,95.7
presidential_general_election_2016_by_county.csv,Utah__Sevier County__republican__D. Trump,91.3,95.7
presidential_general_election_2016_by_county.csv,Utah__Washington County__democrat__H. Clinton,87.5,100
presidential_general_election_2016_by_county.csv,Utah__Washington County__independent_or_other__A. Kennedy,87.5,100
presidential_general_election_2016_by_county.csv,Utah__Washington County__independent_or_other__D. Castle,87.5,100
presidential_general_election_2016_by_county.csv,Utah__Washington County__independent_or_other__E. McMullin,87.5,100
presidential_general_election_2016_by_county.csv,Utah__Washington County__independent_or_other__G. Johnson,87.5,100
presidential_general_election_2016_by_county.csv,Utah__Washington County__independent_or_other__J. Stein,87.5,100
presidential_general_election_2016_by_county.csv,Utah__Washington County__independent_or_other__M. Moorehead,87.5,100
presidential_general_election_2016_by_county.csv,Utah__Washington County__independent_or_other__R. De La Fuente,87.5,100
presidential_general_election_2016_by_county.csv,Utah__Washington County__independent_or_other__R. Giordani,87.5,100
presidential_general_election_2016_by_county.csv,Utah__Washington County__republican__D. Trump,87.5,100
presidential_general_election_2016_by_county.csv,Washington__Asotin County__democrat__H. Clinton,71.4,85.7
presidential_general_election_2016_by_county.csv,Washington__Asotin County__independent_or_other__A. Kennedy,71.4,85.7
presidential_general_election_2016_by_county.csv,Washington__Asotin County__independent_or_other__D. Castle,71.4,85.7
presidential_general_election_2016_by_county.csv,Washington__Asotin County__independent_or_other__G. Johnson,71.4,85.7
presidential_general_election_2016_by_county.csv,Washington__Asotin County__independent_or_other__G. La Riva,71.4,85.7
presidential_general_election_2016_by_county.csv,Washington__Asotin County__independent_or_other__J. Stein,71.4,85.7
presidential_general_election_2016_by_county.csv,Washington__Asotin County__republican__D. Trump,71.4,85.7
presidential_general_election_2016_by_county.csv,Washington__Benton County__democrat__H. Clinton,82,94
presidential_general_election_2016_by_county.csv,Washington__Benton County__independent_or_other__A. Kennedy,82,94
presidential_general_election_2016_by_county.csv,Washington__Benton County__independent_or_other__D. Castle,82,94
presidential_general_election_2016_by_county.csv,Washington__Benton County__independent_or_other__G. Johnson,82,94
presidential_general_election_2016_by_county.csv,Washington__Benton County__independent_or_other__G. La Riva,82,94
presidential_general_election_2016_by_county.csv,Washington__Benton County__independent_or_other__J. Stein,82,94
presidential_general_election_2016_by_county.csv,Washington__Benton County__republican__D. Trump,82,94
presidential_general_election_2016_by_county.csv,Washington__Chelan County__democrat__H. Clinton,66.7,81
presidential_general_election_2016_by_county.csv,Washington__Chelan County__independent_or_other__A. Kennedy,66.7,81
presidential_general_election_2016_by_county.csv,Washington__Chelan County__independent_or_other__D. Castle,66.7,81
presidential_general_election_2016_by_county.csv,Washington__Chelan County__independent_or_other__G. Johnson,66.7,81
presidential_general_election_2016_by_county.csv,Washington__Chelan County__independent_or_other__G. La Riva,66.7,81
presidential_general_election_2016_by_county.csv,Washington__Chelan County__independent_or_other__J. Stein,66.7,81
presidential_general_election_2016_by_county.csv,Washington__Chelan County__republican__D. Trump,66.7,81
presidential_general_election_2016_by_county.csv,Washington__Clallam County__democrat__H. Clinton,79.2,83.3
presidential_general_election_2016_by_county.csv,Washington__Clallam County__independent_or_other__A. Kennedy,79.2,83.3
presidential_general_election_2016_by_county.csv,Washington__Clallam County__independent_or_other__D. Castle,79.2,83.3
presidential_general_election_2016_by_county.csv,Washington__Clallam County__independent_or_other__G. Johnson,79.2,83.3
presidential_general_election_2016_by_county.csv,Washington__Clallam County__independent_or_other__G. La Riva,79.2,83.3
presidential_general_election_2016_by_county.csv,Washington__Clallam County__independent_or_other__J. Stein,79.2,83.3
presidential_general_election_2016_by_county.csv,Washington__Clallam County__republican__D. Trump,79.2,83.3
presidential_general_election_2016_by_county.csv,Washington__Clark County__democrat__H. Clinton,94.4,96.8
presidential_general_election_2016_by_county.csv,Washington__Clark County__independent_or_other__A. Kennedy,94.4,96.8
presidential_general_election_2016_by_county.csv,Washington__Clark County__independent_or_other__D. Castle,94.4,96.8
presidential_general_election_2016_by_county.csv,Washington__Clark County__independent_or_other__G. Johnson,94.4,96.8
presidential_general_election_2016_by_county.csv,Washington__Clark County__independent_or_other__G. La Riva,94.4,96.8
presidential_general_election_2016_by_county.csv,Washington__Clark County__independent_or_other__J. Stein,94.4,96.8
presidential_general_election_2016_by_county.csv,Washington__Clark County__republican__D. Trump,94.4,96.8
presidential_general_election_2016_by_county.csv,Washington__Columbia County__democrat__H. Clinton,50,100
presidential_general_election_2016_by_county.csv,Washington__Columbia County__independent_or_other__A. Kennedy,50,100
presidential_general_election_2016_by_county.csv,Washington__Columbia County__independent_or_other__D. Castle,50,100
presidential_general_election_2016_by_county.csv,Washington__Columbia County__independent_or_other__G. Johnson,50,100
presidential_general_election_2016_by_county.csv,Washington__Columbia County__independent_or_other__G. La Riva,50,100
presidential_general_election_2016_by_county.csv,Washington__Columbia County__independent_or_other__J. Stein,50,100
presidential_general_election_2016_by_county.csv,Washington__Columbia County__republican__D. Trump,50,100
presidential_general_election_2016_by_county.csv,Washington__Cowlitz County__democrat__H. Clinton,83.3,96.7
presidential_general_election_2016_by_county.csv,Washington__Cowlitz County__independent_or_other__A. Kennedy,83.3,96.7
presidential_general_election_2016_by_county.csv,Washington__Cowlitz County__independent_or_other__D. Castle,83.3,96.7
presidential_general_election_2016_by_county.csv,Washington__Cowlitz County__independent_or_other__G. Johnson,83.3,96.7
presidential_general_election_2016_by_county.csv,Washington__Cowlitz County__independent_or_other__G. La Riva,83.3,96.7
presidential_general_election_2016_by_county.csv,Washington__Cowlitz County__independent_or_other__J. Stein,83.3,96.7
presidential_general_election_2016_by_county.csv,Washington__Cowlitz County__republican__D. Trump,83.3,96.7
presidential_general_election_2016_by_county.csv,Washington__Douglas County__democrat__H. Clinton,50,70
presidential_general_election_2016_by_county.csv,Washington__Douglas County__independent_or_other__A. Kennedy,50,70
presidential_general_election_2016_by_county.csv,Washington__Douglas County__independent_or_other__D. Castle,50,70
presidential_general_election_2016_by_county.csv,Washington__Douglas County__independent_or_other__G. Johnson,50,70
presidential_general_election_2016_by_county.csv,Washington__Douglas County__independent_or_other__G. La Riva,50,70
presidential_general_election_2016_by_county.csv,Washington__Douglas County__independent_or_other__J. Stein,50,70
presidential_general_election_2016_by_county.csv,Washington__Douglas County__republican__D. Trump,50,70
presidential_general_election_2016_by_county.csv,Washington__Ferry County__democrat__H. Clinton,50,100
presidential_general_election_2016_by_county.csv,Washington__Ferry County__independent_or_other__A. Kennedy,50,100
presidential_general_election_2016_by_county.csv,Washington__Ferry County__independent_or_other__D. Castle,50,100
presidential_general_election_2016_by_county.csv,Washington__Ferry County__independent_or_other__G. Johnson,50,100
presidential_general_election_2016_by_county.csv,Washington__Ferry County__independent_or_other__G. La Riva,50,100
presidential_general_election_2016_by_county.csv,Washington__Ferry County__independent_or_other__J. Stein,50,100
presidential_general_election_2016_by_county.csv,Washington__Ferry County__republican__D. Trump,50,100
presidential_general_election_2016_by_county.csv,Washington__Franklin County__democrat__H. Clinton,60,86.7
presidential_general_election_2016_by_county.csv,Washington__Franklin County__independent_or_other__A. Kennedy,60,86.7
presidential_general_election_2016_by_county.csv,Washington__Franklin County__independent_or_other__D. Castle,60,86.7
presidential_general_election_2016_by_county.csv,Washington__Franklin County__independent_or_other__G. Johnson,60,86.7
presidential_general_election_2016_by_county.csv,Washington__Franklin County__independent_or_other__G. La Riva,60,86.7
presidential_general_election_2016_by_county.csv,Washington__Franklin County__independent_or_other__J. Stein,60,86.7
presidential_general_election_2016_by_county.csv,Washington__Franklin County__republican__D. Trump,60,86.7
presidential_general_election_2016_by_county.csv,Washington__Grays Harbor County__democrat__H. Clinton,80,95
presidential_general_election_2016_by_county.csv,Washington__Grays Harbor County__independent_or_other__A. Kennedy,80,95
presidential_general_election_2016_by_county.csv,Washington__Grays Harbor County__independent_or_other__D. Castle,80,95
presidential_general_election_2016_by_county.csv,Washington__Grays Harbor County__independent_or_other__G. Johnson,80,95
presidential_general_election_2016_by_county.csv,Washington__Grays Harbor County__independent_or_other__G. La Riva,80,95
presidential_general_election_2016_by_county.csv,Washington__Grays Harbor County__independent_or_other__J. Stein,80,95
presidential_general_election_2016_by_county.csv,Washington__Grays Harbor County__republican__D. Trump,80,95
presidential_general_election_2016_by_county.csv,Washington__Jefferson County__democrat__H. Clinton,83.3,91.7
presidential_general_election_2016_by_county.csv,Washington__Jefferson County__independent_or_other__A. Kennedy,83.3,91.7
presidential_general_election_2016_by_county.csv,Washington__Jefferson County__independent_or_other__D. Castle,83.3,91.7
presidential_general_election_2016_by_county.csv,Washington__Jefferson County__independent_or_other__G. Johnson,83.3,91.7
presidential_general_election_2016_by_county.csv,Washington__Jefferson County__independent_or_other__G. La Riva,83.3,91.7
presidential_general_election_2016_by_county.csv,Washington__Jefferson County__independent_or_other__J. Stein,83.3,91.7
presidential_general_election_2016_by_county.csv,Washington__Jefferson County__republican__D. Trump,83.3,91.7
presidential_general_election_2016_by_county.csv,Washington__King County__democrat__H. Clinton,83.4,90.8
presidential_general_election_2016_by_county.csv,Washington__King County__independent_or_other__A. Kennedy,83.4,90.8
presidential_general_election_2016_by_county.csv,Washington__King County__independent_or_other__D. Castle,83.4,90.8
presidential_general_election_2016_by_county.csv,Washington__King County__independent_or_other__G. Johnson,83.4,90.8
presidential_general_election_2016_by_county.csv,Washington__King County__independent_or_other__G. La Riva,83.4,90.8
presidential_general_election_2016_by_county.csv,Washington__King County__independent_or_other__J. Stein,83.4,90.8
presidential_general_election_2016_by_county.csv,Washington__King County__republican__D. Trump,83.4,90.8
presidential_general_election_2016_by_county.csv,Washington__Kitsap County__democrat__H. Clinton,89.9,93.7
presidential_general_election_2016_by_county.csv,Washington__Kitsap County__independent_or_other__A. Kennedy,89.9,93.7
presidential_general_election_2016_by_county.csv,Washington__Kitsap County__independent_or_other__D. Castle,89.9,93.7
presidential_general_election_2016_by_county.csv,Washington__Kitsap County__independent_or_other__G. Johnson,89.9,93.7
presidential_general_election_2016_by_county.csv,Washington__Kitsap County__independent_or_other__G. La Riva,89.9,93.7
presidential_general_election_2016_by_county.csv,Washington__Kitsap County__independent_or_other__J. Stein,89.9,93.7
presidential_general_election_2016_by_county.csv,Washington__Kitsap County__republican__D. Trump,89.9,93.7
presidential_general_election_2016_by_county.csv,Washington__Kittitas County__democrat__H. Clinton,72.7,90.9
presidential_general_election_2016_by_county.csv,Washington__Kittitas County__independent_or_other__A. Kennedy,72.7,90.9
presidential_general_election_2016_by_county.csv,Washington__Kittitas County__independent_or_other__D. Castle,72.7,90.9
presidential_general_election_2016_by_county.csv,Washington__Kittitas County__independent_or_other__G. Johnson,72.7,90.9
presidential_general_election_2016_by_county.csv,Washington__Kittitas County__independent_or_other__G. La Riva,72.7,90.9
presidential_general_election_2016_by_county.csv,Washington__Kittitas County__independent_or_other__J. Stein,72.7,90.9
presidential_general_election_2016_by_county.csv,Washington__Kittitas County__republican__D. Trump,72.7,90.9
presidential_general_election_2016_by_county.csv,Washington__Klickitat County__democrat__H. Clinton,71.4,85.7
presidential_general_election_2016_by_county.csv,Washington__Klickitat County__independent_or_other__A. Kennedy,71.4,85.7
presidential_general_election_2016_by_county.csv,Washington__Klickitat County__independent_or_other__D. Castle,71.4,85.7
presidential_general_election_2016_by_county.csv,Washington__Klickitat County__independent_or_other__G. Johnson,71.4,85.7
presidential_general_election_2016_by_county.csv,Washington__Klickitat County__independent_or_other__G. La Riva,71.4,85.7
presidential_general_election_2016_by_county.csv,Washington__Klickitat County__independent_or_other__J. Stein,71.4,85.7
presidential_general_election_2016_by_county.csv,Washington__Klickitat County__republican__D. Trump,71.4,85.7
presidential_general_election_2016_by_county.csv,Washington__Lewis County__democrat__H. Clinton,56.5,73.9
presidential_general_election_2016_by_county.csv,Washington__Lewis County__independent_or_other__A. Kennedy,56.5,73.9
presidential_general_election_2016_by_county.csv,Washington__Lewis County__independent_or_other__D. Castle,56.5,73.9
presidential_general_election_2016_by_county.csv,Washington__Lewis County__independent_or_other__G. Johnson,56.5,73.9
presidential_general_election_2016_by_county.csv,Washington__Lewis County__independent_or_other__G. La Riva,56.5,73.9
presidential_general_election_2016_by_county.csv,Washington__Lewis County__independent_or_other__J. Stein,56.5,73.9
presidential_general_election_2016_by_county.csv,Washington__Lewis County__republican__D. Trump,56.5,73.9
presidential_general_election_2016_by_county.csv,Washington__Mason County__democrat__H. Clinton,77.8,94.4
presidential_general_election_2016_by_county.csv,Washington__Mason County__independent_or_other__A. Kennedy,77.8,94.4
presidential_general_election_2016_by_county.csv,Washington__Mason County__independent_or_other__D. Castle,77.8,94.4
presidential_general_election_2016_by_county.csv,Washington__Mason County__independent_or_other__G. Johnson,77.8,94.4
presidential_general_election_2016_by_county.csv,Washington__Mason County__independent_or_other__G. La Riva,77.8,94.4
presidential_general_election_2016_by_county.csv,Washington__Mason County__independent_or_other__J. Stein,77.8,94.4
presidential_general_election_2016_by_county.csv,Washington__Mason County__republican__D. Trump,77.8,94.4
presidential_general_election_2016_by_county.csv,Washington__Okanogan County__democrat__H. Clinton,36.4,63.6
presidential_general_election_2016_by_county.csv,Washington__Okanogan County__independent_or_other__A. Kennedy,36.4,63.6
presidential_general_election_2016_by_county.csv,Washington__Okanogan County__independent_or_other__D. Castle,36.4,63.6
presidential_general_election_2016_by_county.csv,Washington__Okanogan County__independent_or_other__G. Johnson,36.4,63.6
presidential_general_election_2016_by_county.csv,Washington__Okanogan County__independent_or_other__G. La Riva,36.4,63.6
presidential_general_election_2016_by_county.csv,Washington__Okanogan County__independent_or_other__J. Stein,36.4,63.6
presidential_general_election_2016_by_county.csv,Washington__Okanogan County__republican__D. Trump,36.4,63.6
presidential_general_election_2016_by_county.csv,Washington__Pacific County__democrat__H. Clinton,85.7,100
presidential_general_election_2016_by_county.csv,Washington__Pacific County__independent_or_other__A. Kennedy,85.7,100
presidential_general_election_2016_by_county.csv,Washington__Pacific County__independent_or_other__D. Castle,85.7,100
presidential_general_election_2016_by_county.csv,Washington__Pacific County__independent_or_other__G. Johnson,85.7,100
presidential_general_election_2016_by_county.csv,Washington__Pacific County__independent_or_other__G. La Riva,85.7,100
presidential_general_election_2016_by_county.csv,Washington__Pacific County__independent_or_other__J. Stein,85.7,100
presidential_general_election_2016_by_county.csv,Washington__Pacific County__republican__D. Trump,85.7,100
presidential_general_election_2016_by_county.csv,Washington__Pierce County__democrat__H. Clinton,74.4,93.4
presidential_general_election_2016_by_county.csv,Washington__Pierce County__independent_or_other__A. Kennedy,74.4,93.4
presidential_general_election_2016_by_county.csv,Washington__Pierce County__independent_or_other__D. Castle,74.4,93.4
presidential_general_election_2016_by_county.csv,Washington__Pierce County__independent_or_other__G. Johnson,74.4,93.4
presidential_general_election_2016_by_county.csv,Washington__Pierce County__independent_or_other__G. La Riva,74.4,93.4
presidential_general_election_2016_by_county.csv,Washington__Pierce County__independent_or_other__J. Stein,74.4,93.4
presidential_general_election_2016_by_county.csv,Washington__Pierce County__republican__D. Trump,74.4,93.4
presidential_general_election_2016_by_county.csv,Washington__Skagit County__democrat__H. Clinton,68.6,94.3
presidential_general_election_2016_by_county.csv,Washington__Skagit County__independent_or_other__A. Kennedy,68.6,94.3
presidential_general_election_2016_by_county.csv,Washington__Skagit County__independent_or_other__D. Castle,68.6,94.3
presidential_general_election_2016_by_county.csv,Washington__Skagit County__independent_or_other__G. Johnson,68.6,94.3
presidential_general_election_2016_by_county.csv,Washington__Skagit County__independent_or_other__G. La Riva,68.6,94.3
presidential_general_election_2016_by_county.csv,Washington__Skagit County__independent_or_other__J. Stein,68.6,94.3
presidential_general_election_2016_by_county.csv,Washington__Skagit County__republican__D. Trump,68.6,94.3
presidential_general_election_2016_by_county.csv,Washington__Snohomish County__democrat__H. Clinton,78.9,90.1
presidential_general_election_2016_by_county.csv,Washington__Snohomish County__independent_or_other__A. Kennedy,78.9,90.1
presidential_general_election_2016_by_county.csv,Washington__Snohomish County__independent_or_other__D. Castle,78.9,90.1
presidential_general_election_2016_by_county.csv,Washington__Snohomish County__independent_or_other__G. Johnson,78.9,90.1
presidential_general_election_2016_by_county.csv,Washington__Snohomish County__independent_or_other__G. La Riva,78.9,90.1
presidential_general_election_2016_by_county.csv,Washington__Snohomish County__independent_or_other__J. Stein,78.9,90.1
presidential_general_election_2016_by_county.csv,Washington__Snohomish County__republican__D. Trump,78.9,90.1
presidential_general_election_2016_by_county.csv,Washington__Spokane County__democrat__H. Clinton,86.9,91
presidential_general_election_2016_by_county.csv,Washington__Spokane County__independent_or_other__A. Kennedy,86.9,91
presidential_general_election_2016_by_county.csv,Washington__Spokane County__independent_or_other__D. Castle,86.9,91
presidential_general_election_2016_by_county.csv,Washington__Spokane County__independent_or_other__G. Johnson,86.9,91
presidential_general_election_2016_by_county.csv,Washington__Spokane County__independent_or_other__G. La Riva,86.9,91
presidential_general_election_2016_by_county.csv,Washington__Spokane County__independent_or_other__J. Stein,86.9,91
presidential_general_election_2016_by_county.csv,Washington__Spokane County__republican__D. Trump,86.9,91
presidential_general_election_2016_by_county.csv,Washington__Stevens County__democrat__H. Clinton,60,66.7
presidential_general_election_2016_by_county.csv,Washington__Stevens County__independent_or_other__A. Kennedy,60,66.7
presidential_general_election_2016_by_county.csv,Washington__Stevens County__independent_or_other__D. Castle,60,66.7
presidential_general_election_2016_by_county.csv,Washington__Stevens County__independent_or_other__G. Johnson,60,66.7
presidential_general_election_2016_by_county.csv,Washington__Stevens County__independent_or_other__G. La Riva,60,66.7
presidential_general_election_2016_by_county.csv,Washington__Stevens County__independent_or_other__J. Stein,60,66.7
presidential_general_election_2016_by_county.csv,Washington__Stevens County__republican__D. Trump,60,66.7
presidential_general_election_2016_by_county.csv,Washington__Thurston County__democrat__H. Clinton,92.7,93.9
presidential_general_election_2016_by_county.csv,Washington__Thurston County__independent_or_other__A. Kennedy,92.7,93.9
presidential_general_election_2016_by_county.csv,Washington__Thurston County__independent_or_other__D. Castle,92.7,93.9
presidential_general_election_2016_by_county.csv,Washington__Thurston County__independent_or_other__G. Johnson,92.7,93.9
presidential_general_election_2016_by_county.csv,Washington__Thurston County__independent_or_other__G. La Riva,92.7,93.9
presidential_general_election_2016_by_county.csv,Washington__Thurston County__independent_or_other__J. Stein,92.7,93.9
presidential_general_election_2016_by_county.csv,Washington__Thurston County__republican__D. Trump,92.7,93.9
presidential_general_election_2016_by_county.csv,Washington__Walla Walla County__democrat__H. Clinton,68.8,81.3
presidential_general_election_2016_by_county.csv,Washington__Walla Walla County__independent_or_other__A. Kennedy,68.8,81.3
presidential_general_election_2016_by_county.csv,Washington__Walla Walla County__independent_or_other__D. Castle,68.8,81.3
presidential_general_election_2016_by_county.csv,Washington__Walla Walla County__independent_or_other__G. Johnson,68.8,81.3
presidential_general_election_2016_by_county.csv,Washington__Walla Walla County__independent_or_other__G. La Riva,68.8,81.3
presidential_general_election_2016_by_county.csv,Washington__Walla Walla County__independent_or_other__J. Stein,68.8,81.3
presidential_general_election_2016_by_county.csv,Washington__Walla Walla County__republican__D. Trump,68.8,81.3
presidential_general_election_2016_by_county.csv,Washington__Whatcom County__democrat__H. Clinton,100,98.4
presidential_general_election_2016_by_county.csv,Washington__Whatcom County__independent_or_other__A. Kennedy,100,98.4
presidential_general_election_2016_by_county.csv,Washington__Whatcom County__independent_or_other__D. Castle,100,98.4
presidential_general_election_2016_by_county.csv,Washington__Whatcom County__independent_or_other__G. Johnson,100,98.4
presidential_general_election_2016_by_county.csv,Washington__Whatcom County__independent_or_other__G. La Riva,100,98.4
presidential_general_election_2016_by_county.csv,Washington__Whatcom County__independent_or_other__J. Stein,100,98.4
presidential_general_election_2016_by_county.csv,Washington__Whatcom County__republican__D. Trump,100,98.4
presidential_general_election_2016_by_county.csv,Washington__Whitman County__democrat__H. Clinton,45.5,63.6
presidential_general_election_2016_by_county.csv,Washington__Whitman County__independent_or_other__A. Kennedy,45.5,63.6
presidential_general_election_2016_by_county.csv,Washington__Whitman County__independent_or_other__D. Castle,45.5,63.6
presidential_general_election_2016_by_county.csv,Washington__Whitman County__independent_or_other__G. Johnson,45.5,63.6
presidential_general_election_2016_by_county.csv,Washington__Whitman County__independent_or_other__G. La Riva,45.5,63.6
presidential_general_election_2016_by_county.csv,Washington__Whitman County__independent_or_other__J. Stein,45.5,63.6
presidential_general_election_2016_by_county.csv,Washington__Whitman County__republican__D. Trump,45.5,63.6
presidential_general_election_2016_by_county.csv,Washington__Yakima County__democrat__H. Clinton,65.5,92.7
presidential_general_election_2016_by_county.csv,Washington__Yakima County__independent_or_other__A. Kennedy,65.5,92.7
presidential_general_election_2016_by_county.csv,Washington__Yakima County__independent_or_other__D. Castle,65.5,92.7
presidential_general_election_2016_by_county.csv,Washington__Yakima County__independent_or_other__G. Johnson,65.5,92.7
presidential_general_election_2016_by_county.csv,Washington__Yakima County__independent_or_other__G. La Riva,65.5,92.7
presidential_general_election_2016_by_county.csv,Washington__Yakima County__independent_or_other__J. Stein,65.5,92.7
presidential_general_election_2016_by_county.csv,Washington__Yakima County__republican__D. Trump,65.5,92.7
senate_general_election_2016.csv,Overall 2016 Alaska Senate Election Results__democrat__R. Metcalfe,99.8,0
senate_general_election_2016.csv,Overall 2016 Alaska Senate Election Results__independent_or_other__B. Craig,99.8,0
senate_general_election_2016.csv,Overall 2016 Alaska Senate Election Results__independent_or_other__J. Miller,99.8,0
senate_general_election_2016.csv,Overall 2016 Alaska Senate Election Results__independent_or_other__M. Stock,99.8,0
senate_general_election_2016.csv,Overall 2016 Alaska Senate Election Results__independent_or_other__T. Gianoutsos,99.8,0
senate_general_election_2016.csv,Overall 2016 Alaska Senate Election Results__republican__L. Murkowski,99.8,0
senate_general_election_2016.csv,Overall 2016 Connecticut Senate Election Results__democrat__R. Blumenthal,96.1,99.9
senate_general_election_2016.csv,Overall 2016 Connecticut Senate Election Results__independent_or_other__J. Russell,96.1,99.9
senate_general_election_2016.csv,Overall 2016 Connecticut Senate Election Results__independent_or_other__R. Lion,96.1,99.9
senate_general_election_2016.csv,Overall 2016 Connecticut Senate Election Results__republican__D. Carter,96.1,99.9
senate_general_election_2016.csv,Overall 2016 Utah Senate Election Results__democrat__M. Snow,81.8,93.5
senate_general_election_2016.csv,Overall 2016 Utah Senate Election Results__independent_or_other__B. Barron,81.8,93.5
senate_general_election_2016.csv,Overall 2016 Utah Senate Election Results__independent_or_other__S. Fonua,81.8,93.5
senate_general_election_2016.csv,Overall 2016 Utah Senate Election Results__republican__M. Lee,81.8,93.5
senate_general_election_2016.csv,Overall 2016 Washington Senate Election Results__democrat__P. Murray,82.2,92.2
senate_general_election_2016.csv,Overall 2016 Washington Senate Election Results__republican__C. Vance,82.2,92.2
senate_general_election_2016_by_county.csv,Connecticut__Fairfield County__democrat__R. Blumenthal,82.7,99.3
senate_general_election_2016_by_county.csv,Connecticut__Fairfield County__independent_or_other__J. Russell,82.7,99.3
senate_general_election_2016_by_county.csv,Connecticut__Fairfield County__independent_or_other__R. Lion,82.7,99.3
senate_general_election_2016_by_county.csv,Connecticut__Fairfield County__republican__D. Carter,82.7,99.3
senate_general_election_2016_by_county.csv,Connecticut__New Haven County__democrat__R. Blumenthal,99.5,100
senate_general_election_2016_by_county.csv,Connecticut__New Haven County__independent_or_other__J. Russell,99.5,100
senate_general_election_2016_by_county.csv,Connecticut__New Haven County__independent_or_other__R. Lion,99.5,100
senate_general_election_2016_by_county.csv,Connecticut__New Haven County__republican__D. Carter,99.5,100
senate_general_election_2016_by_county.csv,Utah__Box Elder County__democrat__M. Snow,81.1,100
senate_general_election_2016_by_county.csv,Utah__Box Elder County__independent_or_other__B. Barron,81.1,100
senate_general_election_2016_by_county.csv,Utah__Box Elder County__independent_or_other__S. Fonua,81.1,100
senate_general_election_2016_by_county.csv,Utah__Box Elder County__republican__M. Lee,81.1,100
senate_general_election_2016_by_county.csv,Utah__Cache County__democrat__M. Snow,60,82.4
senate_general_election_2016_by_county.csv,Utah__Cache County__independent_or_other__B. Barron,60,82.4
senate_general_election_2016_by_county.csv,Utah__Cache County__independent_or_other__S. Fonua,60,82.4
senate_general_election_2016_by_county.csv,Utah__Cache County__republican__M. Lee,60,82.4
senate_general_election_2016_by_county.csv,Utah__Daggett County__democrat__M. Snow,83.3,100
senate_general_election_2016_by_county.csv,Utah__Daggett County__independent_or_other__B. Barron,83.3,100
senate_general_election_2016_by_county.csv,Utah__Daggett County__independent_or_other__S. Fonua,83.3,100
senate_general_election_2016_by_county.csv,Utah__Daggett County__republican__M. Lee,83.3,100
senate_general_election_2016_by_county.csv,Utah__Davis County__democrat__M. Snow,73.1,83.6
senate_general_election_2016_by_county.csv,Utah__Davis County__independent_or_other__B. Barron,73.1,83.6
senate_general_election_2016_by_county.csv,Utah__Davis County__independent_or_other__S. Fonua,73.1,83.6
senate_general_election_2016_by_county.csv,Utah__Davis County__republican__M. Lee,73.1,83.6
senate_general_election_2016_by_county.csv,Utah__Iron County__democrat__M. Snow,35,87.5
senate_general_election_2016_by_county.csv,Utah__Iron County__independent_or_other__B. Barron,35,87.5
senate_general_election_2016_by_county.csv,Utah__Iron County__independent_or_other__S. Fonua,35,87.5
senate_general_election_2016_by_county.csv,Utah__Iron County__republican__M. Lee,35,87.5
senate_general_election_2016_by_county.csv,Utah__Juab County__democrat__M. Snow,94.4,100
senate_general_election_2016_by_county.csv,Utah__Juab County__independent_or_other__B. Barron,94.4,100
senate_general_election_2016_by_county.csv,Utah__Juab County__independent_or_other__S. Fonua,94.4,100
senate_general_election_2016_by_county.csv,Utah__Juab County__republican__M. Lee,94.4,100
senate_general_election_2016_by_county.csv,Utah__Millard County__democrat__M. Snow,94.1,100
senate_general_election_2016_by_county.csv,Utah__Millard County__independent_or_other__B. Barron,94.1,100
senate_general_election_2016_by_county.csv,Utah__Millard County__independent_or_other__S. Fonua,94.1,100
senate_general_election_2016_by_county.csv,Utah__Millard County__republican__M. Lee,94.1,100
senate_general_election_2016_by_county.csv,Utah__Piute County__democrat__M. Snow,66.7,100
senate_general_election_2016_by_county.csv,Utah__Piute County__independent_or_other__B. Barron,66.7,100
senate_general_election_2016_by_county.csv,Utah__Piute County__independent_or_other__S. Fonua,66.7,100
senate_general_election_2016_by_county.csv,Utah__Piute County__republican__M. Lee,66.7,100
senate_general_election_2016_by_county.csv,Utah__Salt Lake County__democrat__M. Snow,70.4,90
senate_general_election_2016_by_county.csv,Utah__Salt Lake County__independent_or_other__B. Barron,70.4,90
senate_general_election_2016_by_county.csv,Utah__Salt Lake County__independent_or_other__S. Fonua,70.4,90
senate_general_election_2016_by_county.csv,Utah__Salt Lake County__republican__M. Lee,70.4,90
senate_general_election_2016_by_county.csv,Utah__San Juan County__democrat__M. Snow,65,95
senate_general_election_2016_by_county.csv,Utah__San Juan County__independent_or_other__B. Barron,65,95
senate_general_election_2016_by_county.csv,Utah__San Juan County__independent_or_other__S. Fonua,65,95
senate_general_election_2016_by_county.csv,Utah__San Juan County__republican__M. Lee,65,95
senate_general_election_2016_by_county.csv,Utah__Sevier County__democrat__M. Snow,91.3,95.7
senate_general_election_2016_by_county.csv,Utah__Sevier County__independent_or_other__B. Barron,91.3,95.7
senate_general_election_2016_by_county.csv,Utah__Sevier County__independent_or_other__S. Fonua,91.3,95.7
senate_general_election_2016_by_county.csv,Utah__Sevier County__republican__M. Lee,91.3,95.7
senate_general_election_2016_by_county.csv,Utah__Washington County__democrat__M. Snow,87.5,100
senate_general_election_2016_by_county.csv,Utah__Washington County__independent_or_other__B. Barron,87.5,100
senate_general_election_2016_by_county.csv,Utah__Washington County__independent_or_other__S. Fonua,87.5,100
senate_general_election_2016_by_county.csv,Utah__Washington County__republican__M. Lee,87.5,100
senate_general_election_2016_by_county.csv,Washington__Asotin County__democrat__P. Murray,71.4,85.7
senate_general_election_2016_by_county.csv,Washington__Asotin County__republican__C. Vance,71.4,85.7
senate_general_election_2016_by_county.csv,Washington__Benton County__democrat__P. Murray,84,96
senate_general_election_2016_by_county.csv,Washington__Benton County__republican__C. Vance,84,96
senate_general_election_2016_by_county.csv,Washington__Chelan County__democrat__P. Murray,66.7,81
senate_general_election_2016_by_county.csv,Washington__Chelan County__republican__C. Vance,66.7,81
senate_general_election_2016_by_county.csv,Washington__Clallam County__democrat__P. Murray,79.2,83.3
senate_general_election_2016_by_county.csv,Washington__Clallam County__republican__C. Vance,79.2,83.3
senate_general_election_2016_by_county.csv,Washington__Clark County__democrat__P. Murray,93.6,97.6
senate_general_election_2016_by_county.csv,Washington__Clark County__republican__C. Vance,93.6,97.6
senate_general_election_2016_by_county.csv,Washington__Columbia County__democrat__P. Murray,50,100
senate_general_election_2016_by_county.csv,Washington__Columbia County__republican__C. Vance,50,100
senate_general_election_2016_by_county.csv,Washington__Cowlitz County__democrat__P. Murray,86.7,96.7
senate_general_election_2016_by_county.csv,Washington__Cowlitz County__republican__C. Vance,86.7,96.7
senate_general_election_2016_by_county.csv,Washington__Douglas County__democrat__P. Murray,50,70
senate_general_election_2016_by_county.csv,Washington__Douglas County__republican__C. Vance,50,70
senate_general_election_2016_by_county.csv,Washington__Ferry County__democrat__P. Murray,50,100
senate_general_election_2016_by_county.csv,Washington__Ferry County__republican__C. Vance,50,100
senate_general_election_2016_by_county.csv,Washington__Franklin County__democrat__P. Murray,60,86.7
senate_general_election_2016_by_county.csv,Washington__Franklin County__republican__C. Vance,60,86.7
senate_general_election_2016_by_county.csv,Washington__Grant County__democrat__P. Murray,94.7,100
senate_general_election_2016_by_county.csv,Washington__Grant County__republican__C. Vance,94.7,100
senate_general_election_2016_by_county.csv,Washington__Grays Harbor County__democrat__P. Murray,85,100
senate_general_election_2016_by_county.csv,Washington__Grays Harbor County__republican__C. Vance,85,100
senate_general_election_2016_by_county.csv,Washington__Jefferson County__democrat__P. Murray,83.3,100
senate_general_election_2016_by_county.csv,Washington__Jefferson County__republican__C. Vance,83.3,100
senate_general_election_2016_by_county.csv,Washington__King County__democrat__P. Murray,83.4,90.8
senate_general_election_2016_by_county.csv,Washington__King County__republican__C. Vance,83.4,90.8
senate_general_election_2016_by_county.csv,Washington__Kitsap County__democrat__P. Murray,91.1,94.9
senate_general_election_2016_by_county.csv,Washington__Kitsap County__republican__C. Vance,91.1,94.9
senate_general_election_2016_by_county.csv,Washington__Kittitas County__democrat__P. Murray,72.7,90.9
senate_general_election_2016_by_county.csv,Washington__Kittitas County__republican__C. Vance,72.7,90.9
senate_general_election_2016_by_county.csv,Washington__Klickitat County__democrat__P. Murray,71.4,85.7
senate_general_election_2016_by_county.csv,Washington__Klickitat County__republican__C. Vance,71.4,85.7
senate_general_election_2016_by_county.csv,Washington__Lewis County__democrat__P. Murray,60.9,73.9
senate_general_election_2016_by_county.csv,Washington__Lewis County__republican__C. Vance,60.9,73.9
senate_general_election_2016_by_county.csv,Washington__Lincoln County__democrat__P. Murray,75,100
senate_general_election_2016_by_county.csv,Washington__Lincoln County__republican__C. Vance,75,100
senate_general_election_2016_by_county.csv,Washington__Mason County__democrat__P. Murray,77.8,100
senate_general_election_2016_by_county.csv,Washington__Mason County__republican__C. Vance,77.8,100
senate_general_election_2016_by_county.csv,Washington__Okanogan County__democrat__P. Murray,36.4,63.6
senate_general_election_2016_by_county.csv,Washington__Okanogan County__republican__C. Vance,36.4,63.6
senate_general_election_2016_by_county.csv,Washington__Pacific County__democrat__P. Murray,85.7,100
senate_general_election_2016_by_county.csv,Washington__Pacific County__republican__C. Vance,85.7,100
senate_general_election_2016_by_county.csv,Washington__Pierce County__democrat__P. Murray,74.9,94.3
senate_general_election_2016_by_county.csv,Washington__Pierce County__republican__C. Vance,74.9,94.3
senate_general_election_2016_by_county.csv,Washington__Skagit County__democrat__P. Murray,68.6,97.1
senate_general_election_2016_by_county.csv,Washington__Skagit County__republican__C. Vance,68.6,97.1
senate_general_election_2016_by_county.csv,Washington__Snohomish County__democrat__P. Murray,80.3,92
senate_general_election_2016_by_county.csv,Washington__Snohomish County__republican__C. Vance,80.3,92
senate_general_election_2016_by_county.csv,Washington__Spokane County__democrat__P. Murray,88.3,92.4
senate_general_election_2016_by_county.csv,Washington__Spokane County__republican__C. Vance,88.3,92.4
senate_general_election_2016_by_county.csv,Washington__Stevens County__democrat__P. Murray,60,66.7
senate_general_election_2016_by_county.csv,Washington__Stevens County__republican__C. Vance,60,66.7
senate_general_election_2016_by_county.csv,Washington__Thurston County__democrat__P. Murray,93.9,95.1
senate_general_election_2016_by_county.csv,Washington__Thurston County__republican__C. Vance,93.9,95.1
senate_general_election_2016_by_county.csv,Washington__Walla Walla County__democrat__P. Murray,68.8,81.3
senate_general_election_2016_by_county.csv,Washington__Walla Walla County__republican__C. Vance,68.8,81.3
senate_general_election_2016_by_county.csv,Washington__Whitman County__democrat__P. Murray,45.5,63.6
senate_general_election_2016_by_county.csv,Washington__Whitman County__republican__C. Vance,45.5,63.6
senate_general_election_2016_by_county.csv,Washington__Yakima County__democrat__P. Murray,65.5,92.7
senate_general_election_2016_by_county.csv,Washington__Yakima County__republican__C. Vance,65.5,92.7
senate_general_election_2016_by_county.csv,Alaska__Alaska__republican__L. Murkowski,99.8,0
senate_general_election_2016_by_county.csv,Alaska__Alaska__independent_or_other__J. Miller,99.8,0
senate_general_election_2016_by_county.csv,Alaska__Alaska__independent_or_other__M. Stock,99.8,0
senate_general_election_2016_by_county.csv,Alaska__Alaska__democrat__R. Metcalfe,99.8,0
senate_general_election_2016_by_county.csv,Alaska__Alaska__independent_or_other__B. Craig,99.8,0
senate_general_election_2016_by_county.csv,Alaska__Alaska__independent_or_other__T. Gianoutsos,99.8,0
governor_primaries_2016_by_county.csv,Washington__Adams County__republican__B. Bryant,0,33.3
governor_primaries_2016_by_county.csv,Washington__Adams County__democrat__J. Inslee,0,33.3
governor_primaries_2016_by_county.csv,Washington__Adams County__republican__B. Hirt,0,33.3
governor_primaries_2016_by_county.csv,Washington__Adams County__democrat__P. O'Rourke,0,33.3
governor_primaries_2016_by_county.csv,Washington__Adams County__democrat__J. Deal,0,33.3
governor_primaries_2016_by_county.csv,Washington__Adams County__republican__Goodspaceguy,0,33.3
governor_primaries_2016_by_county.csv,Washington__Adams County__independent_or_other__S. Rubenstein,0,33.3
governor_primaries_2016_by_county.csv,Washington__Adams County__democrat__J. Dodds,0,33.3
governor_primaries_2016_by_county.csv,Washington__Adams County__independent_or_other__D. Blomstrom,0,33.3
governor_primaries_2016_by_county.csv,Washington__Adams County__independent_or_other__M. Martin,0,33.3
governor_primaries_2016_by_county.csv,Washington__Adams County__independent_or_other__C. Joubert,0,33.3
governor_primaries_2016_by_county.csv,Washington__Asotin County__republican__B. Bryant,0,57.1
governor_primaries_2016_by_county.csv,Washington__Asotin County__democrat__J. Inslee,0,57.1
governor_primaries_2016_by_county.csv,Washington__Asotin County__republican__B. Hirt,0,57.1
governor_primaries_2016_by_county.csv,Washington__Asotin County__democrat__P. O'Rourke,0,57.1
governor_primaries_2016_by_county.csv,Washington__Asotin County__independent_or_other__S. Rubenstein,0,57.1
governor_primaries_2016_by_county.csv,Washington__Asotin County__democrat__J. Dodds,0,57.1
governor_primaries_2016_by_county.csv,Washington__Asotin County__republican__Goodspaceguy,0,57.1
governor_primaries_2016_by_county.csv,Washington__Asotin County__democrat__J. Deal,0,57.1
governor_primaries_2016_by_county.csv,Washington__Asotin County__independent_or_other__M. Martin,0,57.1
governor_primaries_2016_by_county.csv,Washington__Asotin County__independent_or_other__D. Blomstrom,0,57.1
governor_primaries_2016_by_county.csv,Washington__Asotin County__independent_or_other__C. Joubert,0,57.1
governor_primaries_2016_by_county.csv,Washington__Benton County__republican__B. Bryant,0,74
governor_primaries_2016_by_county.csv,Washington__Benton County__democrat__J. Inslee,0,74
governor_primaries_2016_by_county.csv,Washington__Benton County__republican__B. Hirt,0,74
governor_primaries_2016_by_county.csv,Washington__Benton County__democrat__P. O'Rourke,0,74
governor_primaries_2016_by_county.csv,Washington__Benton County__independent_or_other__S. Rubenstein,0,74
governor_primaries_2016_by_county.csv,Washington__Benton County__republican__Goodspaceguy,0,74
governor_primaries_2016_by_county.csv,Washington__Benton County__democrat__J. Dodds,0,74
governor_primaries_2016_by_county.csv,Washington__Benton County__democrat__J. Deal,0,74
governor_primaries_2016_by_county.csv,Washington__Benton County__independent_or_other__M. Martin,0,74
governor_primaries_2016_by_county.csv,Washington__Benton County__independent_or_other__D. Blomstrom,0,74
governor_primaries_2016_by_county.csv,Washington__Benton County__independent_or_other__C. Joubert,0,74
governor_primaries_2016_by_county.csv,Washington__Chelan County__republican__B. Bryant,0,71.4
governor_primaries_2016_by_county.csv,Washington__Chelan County__democrat__J. Inslee,0,71.4
governor_primaries_2016_by_county.csv,Washington__Chelan County__republican__B. Hirt,0,71.4
governor_primaries_2016_by_county.csv,Washington__Chelan County__democrat__P. O'Rourke,0,71.4
governor_primaries_2016_by_county.csv,Washington__Chelan County__independent_or_other__S. Rubenstein,0,71.4
governor_primaries_2016_by_county.csv,Washington__Chelan County__republican__Goodspaceguy,0,71.4
governor_primaries_2016_by_county.csv,Washington__Chelan County__democrat__J. Deal,0,71.4
governor_primaries_2016_by_county.csv,Washington__Chelan County__democrat__J. Dodds,0,71.4
governor_primaries_2016_by_county.csv,Washington__Chelan County__independent_or_other__M. Martin,0,71.4
governor_primaries_2016_by_county.csv,Washington__Chelan County__independent_or_other__D. Blomstrom,0,71.4
governor_primaries_2016_by_county.csv,Washington__Chelan County__independent_or_other__C. Joubert,0,71.4
governor_primaries_2016_by_county.csv,Washington__Clallam County__democrat__J. Inslee,0,66.7
governor_primaries_2016_by_county.csv,Washington__Clallam County__republican__B. Bryant,0,66.7
governor_primaries_2016_by_county.csv,Washington__Clallam County__republican__B. Hirt,0,66.7
governor_primaries_2016_by_county.csv,Washington__Clallam County__democrat__P. O'Rourke,0,66.7
governor_primaries_2016_by_county.csv,Washington__Clallam County__independent_or_other__S. Rubenstein,0,66.7
governor_primaries_2016_by_county.csv,Washington__Clallam County__democrat__J. Dodds,0,66.7
governor_primaries_2016_by_county.csv,Washington__Clallam County__republican__Goodspaceguy,0,66.7
governor_primaries_2016_by_county.csv,Washington__Clallam County__democrat__J. Deal,0,66.7
governor_primaries_2016_by_county.csv,Washington__Clallam County__independent_or_other__M. Martin,0,66.7
governor_primaries_2016_by_county.csv,Washington__Clallam County__independent_or_other__D. Blomstrom,0,66.7
governor_primaries_2016_by_county.csv,Washington__Clallam County__independent_or_other__C. Joubert,0,66.7
governor_primaries_2016_by_county.csv,Washington__Clark County__democrat__J. Inslee,0,88.8
governor_primaries_2016_by_county.csv,Washington__Clark County__republican__B. Bryant,0,88.8
governor_primaries_2016_by_county.csv,Washington__Clark County__republican__B. Hirt,0,88.8
governor_primaries_2016_by_county.csv,Washington__Clark County__democrat__P. O'Rourke,0,88.8
governor_primaries_2016_by_county.csv,Washington__Clark County__democrat__J. Dodds,0,88.8
governor_primaries_2016_by_county.csv,Washington__Clark County__independent_or_other__S. Rubenstein,0,88.8
governor_primaries_2016_by_county.csv,Washington__Clark County__democrat__J. Deal,0,88.8
governor_primaries_2016_by_county.csv,Washington__Clark County__republican__Goodspaceguy,0,88.8
governor_primaries_2016_by_county.csv,Washington__Clark County__independent_or_other__M. Martin,0,88.8
governor_primaries_2016_by_county.csv,Washington__Clark County__independent_or_other__D. Blomstrom,0,88.8
governor_primaries_2016_by_county.csv,Washington__Clark County__independent_or_other__C. Joubert,0,88.8
governor_primaries_2016_by_county.csv,Washington__Columbia County__republican__B. Bryant,0,50
governor_primaries_2016_by_county.csv,Washington__Columbia County__democrat__J. Inslee,0,50
governor_primaries_2016_by_county.csv,Washington__Columbia County__republican__B. Hirt,0,50
governor_primaries_2016_by_county.csv,Washington__Columbia County__democrat__P. O'Rourke,0,50
governor_primaries_2016_by_county.csv,Washington__Columbia County__republican__Goodspaceguy,0,50
governor_primaries_2016_by_county.csv,Washington__Columbia County__independent_or_other__S. Rubenstein,0,50
governor_primaries_2016_by_county.csv,Washington__Columbia County__independent_or_other__M. Martin,0,50
governor_primaries_2016_by_county.csv,Washington__Columbia County__democrat__J. Dodds,0,50
governor_primaries_2016_by_county.csv,Washington__Columbia County__democrat__J. Deal,0,50
governor_primaries_2016_by_county.csv,Washington__Columbia County__independent_or_other__C. Joubert,0,50
governor_primaries_2016_by_county.csv,Washington__Columbia County__independent_or_other__D. Blomstrom,0,50
governor_primaries_2016_by_county.csv,Washington__Cowlitz County__republican__B. Bryant,0,73.3
governor_primaries_2016_by_county.csv,Washington__Cowlitz County__democrat__J. Inslee,0,73.3
governor_primaries_2016_by_county.csv,Washington__Cowlitz County__republican__B. Hirt,0,73.3
governor_primaries_2016_by_county.csv,Washington__Cowlitz County__democrat__P. O'Rourke,0,73.3
governor_primaries_2016_by_county.csv,Washington__Cowlitz County__independent_or_other__S. Rubenstein,0,73.3
governor_primaries_2016_by_county.csv,Washington__Cowlitz County__democrat__J. Dodds,0,73.3
governor_primaries_2016_by_county.csv,Washington__Cowlitz County__democrat__J. Deal,0,73.3
governor_primaries_2016_by_county.csv,Washington__Cowlitz County__republican__Goodspaceguy,0,73.3
governor_primaries_2016_by_county.csv,Washington__Cowlitz County__independent_or_other__M. Martin,0,73.3
governor_primaries_2016_by_county.csv,Washington__Cowlitz County__independent_or_other__D. Blomstrom,0,73.3
governor_primaries_2016_by_county.csv,Washington__Cowlitz County__independent_or_other__C. Joubert,0,73.3
governor_primaries_2016_by_county.csv,Washington__Douglas County__republican__B. Bryant,0,50
governor_primaries_2016_by_county.csv,Washington__Douglas County__democrat__J. Inslee,0,50
governor_primaries_2016_by_county.csv,Washington__Douglas County__republican__B. Hirt,0,50
governor_primaries_2016_by_county.csv,Washington__Douglas County__democrat__P. O'Rourke,0,50
governor_primaries_2016_by_county.csv,Washington__Douglas County__democrat__J. Deal,0,50
governor_primaries_2016_by_county.csv,Washington__Douglas County__independent_or_other__S. Rubenstein,0,50
governor_primaries_2016_by_county.csv,Washington__Douglas County__democrat__J. Dodds,0,50
governor_primaries_2016_by_county.csv,Washington__Douglas County__republican__Goodspaceguy,0,50
governor_primaries_2016_by_county.csv,Washington__Douglas County__independent_or_other__M. Martin,0,50
governor_primaries_2016_by_county.csv,Washington__Douglas County__independent_or_other__C. Joubert,0,50
governor_primaries_2016_by_county.csv,Washington__Douglas County__independent_or_other__D. Blomstrom,0,50
governor_primaries_2016_by_county.csv,Washington__Ferry County__republican__B. Bryant,0,50
governor_primaries_2016_by_county.csv,Washington__Ferry County__democrat__J. Inslee,0,50
governor_primaries_2016_by_county.csv,Washington__Ferry County__republican__B. Hirt,0,50
governor_primaries_2016_by_county.csv,Washington__Ferry County__independent_or_other__S. Rubenstein,0,50
governor_primaries_2016_by_county.csv,Washington__Ferry County__democrat__P. O'Rourke,0,50
governor_primaries_2016_by_county.csv,Washington__Ferry County__republican__Goodspaceguy,0,50
governor_primaries_2016_by_county.csv,Washington__Ferry County__democrat__J. Dodds,0,50
governor_primaries_2016_by_county.csv,Washington__Ferry County__democrat__J. Deal,0,50
governor_primaries_2016_by_county.csv,Washington__Ferry County__independent_or_other__M. Martin,0,50
governor_primaries_2016_by_county.csv,Washington__Ferry County__independent_or_other__D. Blomstrom,0,50
governor_primaries_2016_by_county.csv,Washington__Ferry County__independent_or_other__C. Joubert,0,50
house_primaries_2016.csv,5th District Primaries__democrat__M. Quigley,0,100
